"Comment","User","ReplyCount","LikeCount","PublishTime","CommentId","ParentID","ReplyToAnotherUser","VideoID","sentimentQDAP.WordCount","sentimentQDAP.SentimentGI","sentimentQDAP.NegativityGI","sentimentQDAP.PositivityGI","sentimentQDAP.SentimentHE","sentimentQDAP.NegativityHE","sentimentQDAP.PositivityHE","sentimentQDAP.SentimentLM","sentimentQDAP.NegativityLM","sentimentQDAP.PositivityLM","sentimentQDAP.RatioUncertaintyLM","sentimentQDAP.SentimentQDAP","sentimentQDAP.NegativityQDAP","sentimentQDAP.PositivityQDAP","Sentiment.WordCount","Sentiment.SentimentGI","Sentiment.NegativityGI","Sentiment.PositivityGI","Sentiment.SentimentHE","Sentiment.NegativityHE","Sentiment.PositivityHE","Sentiment.SentimentLM","Sentiment.NegativityLM","Sentiment.PositivityLM","Sentiment.RatioUncertaintyLM","Sentiment.SentimentQDAP","Sentiment.NegativityQDAP","Sentiment.PositivityQDAP"
"https skeptical /youtu.be/ktml6pl87ec","Bible of Jesus Father Holy Spirit","1","0","2022-09-13T03:14:59Z","UgwVTOj7bz_OpiefWph4AaABAg","None","FALSE","-UdWguw90g4", 3.00000000,-0.33333333, 0.33333333, 0.00000000, 0.00000000, 0.00000000, 0.00000000, 0.00000000, 0.00000000, 0.00000000, 0.00000000,-0.33333333, 0.33333333, 0.00000000, 3,negative,0.33333333,0.00000000,neutral,0.00000000,0.00000000,neutral,0.00000000,0.00000000,0.00000000,negative,0.33333333,0.00000000
"how i only discovered your channel only now frown ","Cars Merch Old JDM","2","0","2022-09-11T17:17:06Z","Ugxg62vx9lVY0OYV8PJ4AaABAg","None","FALSE","-UdWguw90g4", 4.00000000,-0.25000000, 0.25000000, 0.00000000, 0.00000000, 0.00000000, 0.00000000, 0.00000000, 0.00000000, 0.00000000, 0.00000000,-0.25000000, 0.25000000, 0.00000000, 4,negative,0.25000000,0.00000000,neutral,0.00000000,0.00000000,neutral,0.00000000,0.00000000,0.00000000,negative,0.25000000,0.00000000
"when it comes to investing, we want our money to grow with the highest rates of return, and the lowest risk possible. while there are no shortcuts to getting rich, but there are smart ways to go about it","Eloise Wattkins","42","40","2022-09-11T11:26:09Z","UgyxHro18oIrNCvC1wx4AaABAg","None","FALSE","-UdWguw90g4",16.00000000, 0.18750000, 0.06250000, 0.25000000, 0.00000000, 0.12500000, 0.12500000, 0.06250000, 0.00000000, 0.06250000, 0.12500000, 0.12500000, 0.06250000, 0.18750000,16,positive,0.06250000,0.25000000,neutral,0.12500000,0.12500000,positive,0.00000000,0.06250000,0.12500000,positive,0.06250000,0.18750000
"5:10 bride with veil bride with veil bride with veil bride with veil ","Games4boyz","2","0","2022-09-11T08:34:40Z","Ugzov0-uteL8aAYXzy54AaABAg","None","FALSE","-UdWguw90g4", 8.00000000, 0.00000000, 0.00000000, 0.00000000, 0.00000000, 0.00000000, 0.00000000, 0.00000000, 0.00000000, 0.00000000, 0.00000000, 0.00000000, 0.00000000, 0.00000000, 8,neutral,0.00000000,0.00000000,neutral,0.00000000,0.00000000,neutral,0.00000000,0.00000000,0.00000000,neutral,0.00000000,0.00000000
"hello mrs clarissa the bitcoin trader is legit and her method works like magic i keep on earning every single week with her new strategies.....","ELIZABETH LAURA","39","51","2022-09-09T21:42:13Z","UgzZED1gJqRO_Zl7bCJ4AaABAg","None","FALSE","-UdWguw90g4",17.00000000, 0.11764706, 0.00000000, 0.11764706, 0.00000000, 0.00000000, 0.00000000, 0.00000000, 0.00000000, 0.00000000, 0.00000000, 0.17647059, 0.00000000, 0.17647059,17,positive,0.00000000,0.11764706,neutral,0.00000000,0.00000000,neutral,0.00000000,0.00000000,0.00000000,positive,0.00000000,0.17647059
"there was a nice option on 03:48 to add sunlight move across the room in the background. but i can't say i dislike your videos. this is real art to me. *thumb up","C. P.","2","0","2022-09-07T01:38:00Z","Ugwrhq0DgpPEBa0ksg14AaABAg","None","FALSE","-UdWguw90g4",15.00000000, 0.20000000, 0.06666667, 0.26666667, 0.00000000, 0.00000000, 0.00000000, 0.00000000, 0.00000000, 0.00000000, 0.00000000, 0.00000000, 0.06666667, 0.06666667,15,positive,0.06666667,0.26666667,neutral,0.00000000,0.00000000,neutral,0.00000000,0.00000000,0.00000000,neutral,0.06666667,0.06666667
"the big short style ending is greaaat.","System Loading","2","0","2022-09-05T05:14:05Z","UgzJWWajkqU1FbdWSwV4AaABAg","None","FALSE","-UdWguw90g4", 5.00000000,-0.20000000, 0.20000000, 0.00000000, 0.00000000, 0.00000000, 0.00000000, 0.00000000, 0.00000000, 0.00000000, 0.00000000,-0.20000000, 0.20000000, 0.00000000, 5,negative,0.20000000,0.00000000,neutral,0.00000000,0.00000000,neutral,0.00000000,0.00000000,0.00000000,negative,0.20000000,0.00000000
"our btgroup specialize in v3 gold, v2 foreign currency, rsi pro - auto bot. link to register for consultation: https skeptical /bom.so/uaa0mh","Jack Foker","2","0","2022-09-01T08:59:16Z","Ugz5bExvFNtnZqWMyI94AaABAg","None","FALSE","-UdWguw90g4",15.00000000, 0.13333333, 0.13333333, 0.26666667, 0.00000000, 0.00000000, 0.00000000, 0.00000000, 0.00000000, 0.00000000, 0.00000000, 0.00000000, 0.06666667, 0.06666667,15,positive,0.13333333,0.26666667,neutral,0.00000000,0.00000000,neutral,0.00000000,0.00000000,0.00000000,neutral,0.06666667,0.06666667
"wild.","Danny Lin","2","0","2022-08-31T05:27:32Z","Ugx6oMn6SrjLx3Q_yYh4AaABAg","None","FALSE","-UdWguw90g4", 1.00000000,-1.00000000, 1.00000000, 0.00000000, 0.00000000, 0.00000000, 0.00000000, 0.00000000, 0.00000000, 0.00000000, 0.00000000,-1.00000000, 1.00000000, 0.00000000, 1,negative,1.00000000,0.00000000,neutral,0.00000000,0.00000000,neutral,0.00000000,0.00000000,0.00000000,negative,1.00000000,0.00000000
"working for today","JACK EDWARD INGA NAUPA","2","0","2022-08-27T23:45:15Z","Ugx952BiAZiSKY-dGeJ4AaABAg","None","FALSE","-UdWguw90g4", 2.00000000, 0.00000000, 0.00000000, 0.00000000, 0.00000000, 0.00000000, 0.00000000, 0.00000000, 0.00000000, 0.00000000, 0.00000000, 0.50000000, 0.00000000, 0.50000000, 2,neutral,0.00000000,0.00000000,neutral,0.00000000,0.00000000,neutral,0.00000000,0.00000000,0.00000000,positive,0.00000000,0.50000000
"waiting for part 2!!!!","Maksym Pinchuk","2","2","2022-08-26T08:08:51Z","Ugxl2sJ1bLFcZLlQppB4AaABAg","None","FALSE","-UdWguw90g4", 2.00000000,-0.50000000, 0.50000000, 0.00000000, 0.00000000, 0.00000000, 0.00000000, 0.00000000, 0.00000000, 0.00000000, 0.00000000, 0.00000000, 0.00000000, 0.00000000, 2,negative,0.50000000,0.00000000,neutral,0.00000000,0.00000000,neutral,0.00000000,0.00000000,0.00000000,neutral,0.00000000,0.00000000
"we need an updateeeee","Just Micho","2","0","2022-08-26T02:22:38Z","UgzdL8Cq2iASwJ1HHKl4AaABAg","None","FALSE","-UdWguw90g4", 2.00000000,-0.50000000, 0.50000000, 0.00000000, 0.00000000, 0.00000000, 0.00000000, 0.00000000, 0.00000000, 0.00000000, 0.00000000, 0.00000000, 0.00000000, 0.00000000, 2,negative,0.50000000,0.00000000,neutral,0.00000000,0.00000000,neutral,0.00000000,0.00000000,0.00000000,neutral,0.00000000,0.00000000
"so funny bird ","RoDriPeloMundo","2","0","2022-08-23T23:36:15Z","UgyeYOUzXJC4G4dtt_l4AaABAg","None","FALSE","-UdWguw90g4", 2.00000000, 0.50000000, 0.00000000, 0.50000000, 0.00000000, 0.00000000, 0.00000000, 0.00000000, 0.00000000, 0.00000000, 0.00000000,-0.50000000, 0.50000000, 0.00000000, 2,positive,0.00000000,0.50000000,neutral,0.00000000,0.00000000,neutral,0.00000000,0.00000000,0.00000000,negative,0.50000000,0.00000000
"buddy! if you had an iv drip there without saying anything after you come back from the kidney phone call, that would have been the cherry on the cake! amazing video, very entertaining!","The Inner Circle Graduate ","2","0","2022-08-22T09:04:56Z","UgzM5vZcDLhBYtDB4Wp4AaABAg","None","FALSE","-UdWguw90g4",15.00000000, 0.33333333, 0.00000000, 0.33333333, 0.00000000, 0.00000000, 0.00000000, 0.00000000, 0.00000000, 0.00000000, 0.00000000, 0.13333333, 0.06666667, 0.20000000,15,positive,0.00000000,0.33333333,neutral,0.00000000,0.00000000,neutral,0.00000000,0.00000000,0.00000000,positive,0.06666667,0.20000000
"you can trade micro futures and you can trade unlimited. also ninja trader is a better platform for automated trading. imo","Joe Chacon","2","0","2022-08-22T01:58:04Z","UgxNya-wAxO7_fcMp794AaABAg","None","FALSE","-UdWguw90g4",15.00000000, 0.13333333, 0.00000000, 0.13333333, 0.06666667, 0.00000000, 0.06666667, 0.06666667, 0.00000000, 0.06666667, 0.00000000, 0.13333333, 0.00000000, 0.13333333,15,positive,0.00000000,0.13333333,positive,0.00000000,0.06666667,positive,0.00000000,0.06666667,0.00000000,positive,0.00000000,0.13333333
"you're so cool thanks","nebiyu dawit","2","0","2022-08-20T19:17:01Z","UgwcCoi_LNZRXg_G6Gp4AaABAg","None","FALSE","-UdWguw90g4", 3.00000000, 0.00000000, 0.33333333, 0.33333333, 0.00000000, 0.00000000, 0.00000000, 0.00000000, 0.00000000, 0.00000000, 0.00000000, 0.66666667, 0.00000000, 0.66666667, 3,neutral,0.33333333,0.33333333,neutral,0.00000000,0.00000000,neutral,0.00000000,0.00000000,0.00000000,positive,0.00000000,0.66666667
"why not use a trading brokerage that charges no fees, like fidelity or vanguard?","Joanna Joannabusiness1!","2","0","2022-08-19T01:22:24Z","Ugz4lOL-cB5pgu6C0Ix4AaABAg","None","FALSE","-UdWguw90g4", 8.00000000, 0.25000000, 0.12500000, 0.37500000, 0.00000000, 0.00000000, 0.00000000, 0.00000000, 0.00000000, 0.00000000, 0.00000000, 0.37500000, 0.00000000, 0.37500000, 8,positive,0.12500000,0.37500000,neutral,0.00000000,0.00000000,neutral,0.00000000,0.00000000,0.00000000,positive,0.00000000,0.37500000
"so how is it going?","Erwin Fernandez","2","0","2022-08-15T00:57:46Z","Ugy69fb_CTNKa-YUNJp4AaABAg","None","FALSE","-UdWguw90g4", 0.00000000,NA,NA,NA,NA,NA,NA,NA,NA,NA,NA,NA,NA,NA, 0,NA,NA,NA,NA,NA,NA,NA,NA,NA,NA,NA,NA,NA
"humor is awesome!!!","Nikolay Matvienko","1","0","2022-08-13T10:53:46Z","Ugyiu6UbCMB2iJ_TLYx4AaABAg","None","FALSE","-UdWguw90g4", 2.00000000, 0.50000000, 0.00000000, 0.50000000, 0.00000000, 0.00000000, 0.00000000, 0.00000000, 0.00000000, 0.00000000, 0.00000000, 1.00000000, 0.00000000, 1.00000000, 2,positive,0.00000000,0.50000000,neutral,0.00000000,0.00000000,neutral,0.00000000,0.00000000,0.00000000,positive,0.00000000,1.00000000
"4:58 its dark....","Rishabh","2","0","2022-08-12T06:49:26Z","UgxEea_N6IDCzrfv7b54AaABAg","None","FALSE","-UdWguw90g4", 1.00000000,-1.00000000, 1.00000000, 0.00000000, 0.00000000, 0.00000000, 0.00000000, 0.00000000, 0.00000000, 0.00000000, 0.00000000,-1.00000000, 1.00000000, 0.00000000, 1,negative,1.00000000,0.00000000,neutral,0.00000000,0.00000000,neutral,0.00000000,0.00000000,0.00000000,negative,1.00000000,0.00000000
"it is 1 year old!!","FirsfName Lastname","2","0","2022-08-10T15:53:11Z","Ugw8wmRKavKgzlmuzAh4AaABAg","None","FALSE","-UdWguw90g4", 2.00000000, 0.00000000, 0.00000000, 0.00000000, 0.00000000, 0.00000000, 0.00000000, 0.00000000, 0.00000000, 0.00000000, 0.00000000, 0.00000000, 0.00000000, 0.00000000, 2,neutral,0.00000000,0.00000000,neutral,0.00000000,0.00000000,neutral,0.00000000,0.00000000,0.00000000,neutral,0.00000000,0.00000000
"you are so funny laughing ","Hyped Boy","2","0","2022-08-10T13:00:19Z","UgwpZ-5hA7c_8wclSht4AaABAg","None","FALSE","-UdWguw90g4", 2.00000000, 0.50000000, 0.50000000, 1.00000000, 0.00000000, 0.00000000, 0.00000000, 0.00000000, 0.00000000, 0.00000000, 0.00000000,-0.50000000, 0.50000000, 0.00000000, 2,positive,0.50000000,1.00000000,neutral,0.00000000,0.00000000,neutral,0.00000000,0.00000000,0.00000000,negative,0.50000000,0.00000000
"open an offshore account and tell the usa feds to go fk them selfs. that is what most people do now.","Zomak blah","2","0","2022-08-09T17:35:52Z","UgyE8LZmuE6qn_-BNvV4AaABAg","None","FALSE","-UdWguw90g4", 9.00000000, 0.11111111, 0.11111111, 0.22222222, 0.00000000, 0.00000000, 0.00000000, 0.00000000, 0.00000000, 0.00000000, 0.00000000, 0.11111111, 0.00000000, 0.11111111, 9,positive,0.11111111,0.22222222,neutral,0.00000000,0.00000000,neutral,0.00000000,0.00000000,0.00000000,positive,0.00000000,0.11111111
"get us update with profit you made!!","Marijo","2","0","2022-08-09T07:59:24Z","Ugy2pXmUqhAav_PrwAN4AaABAg","None","FALSE","-UdWguw90g4", 4.00000000, 0.00000000, 0.25000000, 0.25000000, 0.00000000, 0.00000000, 0.00000000, 0.25000000, 0.00000000, 0.25000000, 0.00000000, 0.00000000, 0.00000000, 0.00000000, 4,neutral,0.25000000,0.25000000,neutral,0.00000000,0.00000000,positive,0.00000000,0.25000000,0.00000000,neutral,0.00000000,0.00000000
"did you ever get a chance to make a follow up video on this one? was really interesting and satisfying to watch this part.","KL Vines","2","0","2022-08-06T19:22:42Z","UgwkgUw8smJxKpL1MoJ4AaABAg","None","FALSE","-UdWguw90g4",12.00000000, 0.08333333, 0.16666667, 0.25000000, 0.00000000, 0.00000000, 0.00000000, 0.08333333, 0.00000000, 0.08333333, 0.00000000, 0.16666667, 0.00000000, 0.16666667,12,positive,0.16666667,0.25000000,neutral,0.00000000,0.00000000,positive,0.00000000,0.08333333,0.00000000,positive,0.00000000,0.16666667
"1% commision is robbery. also sec says wat? force to leverage? lolz i do what i like however i like, fuk sec also, fuk brokerz, we have blokchainz. dude idk how to e tongue sticking out lain, you know it is 2022, right?","Carriage Returned","2","0","2022-08-05T11:05:16Z","UgwxZO6w-xZVn5kkEZt4AaABAg","None","FALSE","-UdWguw90g4",25.00000000, 0.04000000, 0.12000000, 0.16000000, 0.00000000, 0.00000000, 0.00000000,-0.08000000, 0.08000000, 0.00000000, 0.00000000, 0.12000000, 0.04000000, 0.16000000,25,positive,0.12000000,0.16000000,neutral,0.00000000,0.00000000,negative,0.08000000,0.00000000,0.00000000,positive,0.04000000,0.16000000
"if anyone is wondering how to be saved, here you go lol hear the gospel romans 10:17 believe the gospel romans 1:16 repent of sins acts 17 smiley 0 confess christ romans 10:9-10 baptism mark 16:16 be baptized in water for the forgiveness of your sins and be added to the church of christ.","Rin","2","0","2022-08-03T05:41:23Z","UgzoIUNbDHriXgq9FI14AaABAg","None","FALSE","-UdWguw90g4",25.00000000, 0.12000000, 0.12000000, 0.24000000, 0.00000000, 0.00000000, 0.00000000,-0.04000000, 0.04000000, 0.00000000, 0.04000000, 0.00000000, 0.12000000, 0.12000000,25,positive,0.12000000,0.24000000,neutral,0.00000000,0.00000000,negative,0.04000000,0.00000000,0.04000000,neutral,0.12000000,0.12000000
" face with tears of joy face with tears of joy face with tears of joy face with tears of joy face with tears of joy ","Lukas Connolly","2","0","2022-08-02T23:08:50Z","Ugym2eXlhUQSxF7cfSh4AaABAg","None","FALSE","-UdWguw90g4",15.00000000, 0.00000000, 0.33333333, 0.33333333, 0.00000000, 0.00000000, 0.00000000, 0.00000000, 0.00000000, 0.00000000, 0.00000000, 0.33333333, 0.00000000, 0.33333333,15,neutral,0.33333333,0.33333333,neutral,0.00000000,0.00000000,neutral,0.00000000,0.00000000,0.00000000,positive,0.00000000,0.33333333
"great video","Offer Page™","1","0","2022-08-02T14:00:24Z","UgxaT7OnSFDwF8mxA1R4AaABAg","None","FALSE","-UdWguw90g4", 2.00000000, 0.50000000, 0.00000000, 0.50000000, 0.00000000, 0.00000000, 0.00000000, 0.50000000, 0.00000000, 0.50000000, 0.00000000, 0.50000000, 0.00000000, 0.50000000, 2,positive,0.00000000,0.50000000,neutral,0.00000000,0.00000000,positive,0.00000000,0.50000000,0.00000000,positive,0.00000000,0.50000000
"is there a follow up video on this?","Johan Jamal","2","1","2022-08-01T18:00:33Z","UgwRAYwpaxJPyNv-8MJ4AaABAg","None","FALSE","-UdWguw90g4", 2.00000000, 0.00000000, 0.00000000, 0.00000000, 0.00000000, 0.00000000, 0.00000000, 0.00000000, 0.00000000, 0.00000000, 0.00000000, 0.00000000, 0.00000000, 0.00000000, 2,neutral,0.00000000,0.00000000,neutral,0.00000000,0.00000000,neutral,0.00000000,0.00000000,0.00000000,neutral,0.00000000,0.00000000
"what's the music 3.23","Chandresh Singh","2","0","2022-07-31T03:51:47Z","UgwqZE-X-ur_AUpeyRZ4AaABAg","None","FALSE","-UdWguw90g4", 2.00000000, 0.00000000, 0.00000000, 0.00000000, 0.00000000, 0.00000000, 0.00000000, 0.00000000, 0.00000000, 0.00000000, 0.00000000, 0.00000000, 0.00000000, 0.00000000, 2,neutral,0.00000000,0.00000000,neutral,0.00000000,0.00000000,neutral,0.00000000,0.00000000,0.00000000,neutral,0.00000000,0.00000000
"you copied stockstream who did this originally. give some credit man","hello","1","0","2022-07-30T14:46:39Z","UgxzZATWL0X-Dn7D2nF4AaABAg","None","FALSE","-UdWguw90g4", 6.00000000, 0.66666667, 0.00000000, 0.66666667, 0.00000000, 0.00000000, 0.00000000, 0.00000000, 0.00000000, 0.00000000, 0.00000000, 0.16666667, 0.00000000, 0.16666667, 6,positive,0.00000000,0.66666667,neutral,0.00000000,0.00000000,neutral,0.00000000,0.00000000,0.00000000,positive,0.00000000,0.16666667
"today i learnt that stock trading sites have api","Pleyland","1","0","2022-07-30T10:44:59Z","UgwihDuI6Du0KI9b15F4AaABAg","None","FALSE","-UdWguw90g4", 6.00000000, 0.00000000, 0.00000000, 0.00000000, 0.00000000, 0.00000000, 0.00000000, 0.00000000, 0.00000000, 0.00000000, 0.00000000, 0.00000000, 0.00000000, 0.00000000, 6,neutral,0.00000000,0.00000000,neutral,0.00000000,0.00000000,neutral,0.00000000,0.00000000,0.00000000,neutral,0.00000000,0.00000000
"for those of you that don't trade that much.... i want to point out that this guy's tax return is going to be a nightmare just from this one day. kudos for this big sacrifice.","Bonan Zhang","1","0","2022-07-30T05:23:55Z","UgxZ8YJ19sHP5Ux2JsV4AaABAg","None","FALSE","-UdWguw90g4",15.00000000,-0.06666667, 0.20000000, 0.13333333, 0.00000000, 0.00000000, 0.00000000,-0.06666667, 0.06666667, 0.00000000, 0.00000000, 0.00000000, 0.13333333, 0.13333333,15,negative,0.20000000,0.13333333,neutral,0.00000000,0.00000000,negative,0.06666667,0.00000000,0.00000000,neutral,0.13333333,0.13333333
"the humor is just so big ahahaha","Dave Galido","1","0","2022-07-30T03:18:20Z","UgyCHkiDfAWBqAfh5xt4AaABAg","None","FALSE","-UdWguw90g4", 4.00000000, 0.50000000, 0.00000000, 0.50000000, 0.00000000, 0.00000000, 0.00000000, 0.00000000, 0.00000000, 0.00000000, 0.00000000, 0.50000000, 0.00000000, 0.50000000, 4,positive,0.00000000,0.50000000,neutral,0.00000000,0.00000000,neutral,0.00000000,0.00000000,0.00000000,positive,0.00000000,0.50000000
"dude i am your fan! you are hilarious and so smart, wanna be like you when i grow up","JJE Airborne","2","0","2022-07-29T23:37:23Z","UgzyqytPnO30PTdylGd4AaABAg","None","FALSE","-UdWguw90g4", 7.00000000, 0.42857143, 0.00000000, 0.42857143, 0.14285714, 0.00000000, 0.14285714, 0.00000000, 0.00000000, 0.00000000, 0.00000000, 0.57142857, 0.00000000, 0.57142857, 7,positive,0.00000000,0.42857143,positive,0.00000000,0.14285714,neutral,0.00000000,0.00000000,0.00000000,positive,0.00000000,0.57142857
"what's the keyboard did you use?","IdentityLeaked","2","0","2022-07-29T04:53:03Z","Ugz717vVaQZ8ouAFOCx4AaABAg","None","FALSE","-UdWguw90g4", 3.00000000, 0.33333333, 0.00000000, 0.33333333, 0.00000000, 0.00000000, 0.00000000, 0.00000000, 0.00000000, 0.00000000, 0.00000000, 0.33333333, 0.00000000, 0.33333333, 3,positive,0.00000000,0.33333333,neutral,0.00000000,0.00000000,neutral,0.00000000,0.00000000,0.00000000,positive,0.00000000,0.33333333
"take love from bangladesh bro..","Abu Jamil Faisal Shuvo","1","0","2022-07-27T07:47:44Z","Ugx6oqk-q4I14-i2Vxd4AaABAg","None","FALSE","-UdWguw90g4", 4.00000000, 0.25000000, 0.00000000, 0.25000000, 0.00000000, 0.00000000, 0.00000000, 0.00000000, 0.00000000, 0.00000000, 0.00000000, 0.25000000, 0.00000000, 0.25000000, 4,positive,0.00000000,0.25000000,neutral,0.00000000,0.00000000,neutral,0.00000000,0.00000000,0.00000000,positive,0.00000000,0.25000000
"4:50 really started to hit home","Jeff Z","2","1","2022-07-26T02:19:46Z","UgyM2vowNRFPXcYaEGZ4AaABAg","None","FALSE","-UdWguw90g4", 4.00000000, 0.00000000, 0.50000000, 0.50000000, 0.00000000, 0.00000000, 0.00000000, 0.00000000, 0.00000000, 0.00000000, 0.00000000, 0.00000000, 0.00000000, 0.00000000, 4,neutral,0.50000000,0.50000000,neutral,0.00000000,0.00000000,neutral,0.00000000,0.00000000,0.00000000,neutral,0.00000000,0.00000000
"bro, eres muy gracioso","Jason Cortés Segovia","1","0","2022-07-25T23:40:30Z","UgwRrleydtUCAKvfZyV4AaABAg","None","FALSE","-UdWguw90g4", 4.00000000, 0.00000000, 0.00000000, 0.00000000, 0.00000000, 0.00000000, 0.00000000, 0.00000000, 0.00000000, 0.00000000, 0.00000000, 0.00000000, 0.00000000, 0.00000000, 4,neutral,0.00000000,0.00000000,neutral,0.00000000,0.00000000,neutral,0.00000000,0.00000000,0.00000000,neutral,0.00000000,0.00000000
"5:01 continue with that. that's, to free associate is truly wonderful exercise.","7 2","1","0","2022-07-25T20:06:32Z","UgyU72PDIlQx7TNaEbV4AaABAg","None","FALSE","-UdWguw90g4", 7.00000000, 0.57142857, 0.00000000, 0.57142857, 0.00000000, 0.00000000, 0.00000000, 0.00000000, 0.00000000, 0.00000000, 0.00000000, 0.42857143, 0.00000000, 0.42857143, 7,positive,0.00000000,0.57142857,neutral,0.00000000,0.00000000,neutral,0.00000000,0.00000000,0.00000000,positive,0.00000000,0.42857143
"but can they compete with fish","PerfumedGnat965","2","0","2022-07-24T23:54:42Z","UgywHk8s0J9ua6YfAjl4AaABAg","None","FALSE","-UdWguw90g4", 3.00000000, 0.00000000, 0.33333333, 0.33333333, 0.00000000, 0.00000000, 0.00000000, 0.00000000, 0.00000000, 0.00000000, 0.00000000, 0.00000000, 0.00000000, 0.00000000, 3,neutral,0.33333333,0.33333333,neutral,0.00000000,0.00000000,neutral,0.00000000,0.00000000,0.00000000,neutral,0.00000000,0.00000000
"have you ever thought that a lot of things made not comfy...there alsways something that not make feel good...like you flow and then just > beep..and some strange pause...or you flow and there not e tongue sticking out ectedly need to make something.. and there always something. have seen your previous video, there was diagram that you solved 1650 problems(or somethng like that), interesting is it possible to solve thousands of not comfy situations ? ^) )","Вадим Воробьев","1","0","2022-07-24T23:23:22Z","UgwZPSQ8WLOOBWCKUgx4AaABAg","None","FALSE","-UdWguw90g4",39.00000000, 0.05128205, 0.10256410, 0.15384615, 0.00000000, 0.00000000, 0.00000000, 0.05128205, 0.00000000, 0.05128205, 0.02564103, 0.10256410, 0.02564103, 0.12820513,39,positive,0.10256410,0.15384615,neutral,0.00000000,0.00000000,positive,0.00000000,0.05128205,0.02564103,positive,0.02564103,0.12820513
"genius idea. btw, the pattern day trade rule is only for margin accounts, if you had opened a cash account (tdameritrade offers this) then the rule wouldnt have applied","Pedro Peña","1","0","2022-07-24T21:59:42Z","UgzDGpSPorxZsKswhZ54AaABAg","None","FALSE","-UdWguw90g4",17.00000000, 0.23529412, 0.05882353, 0.29411765, 0.00000000, 0.00000000, 0.00000000, 0.00000000, 0.00000000, 0.00000000, 0.00000000, 0.05882353, 0.05882353, 0.11764706,17,positive,0.05882353,0.29411765,neutral,0.00000000,0.00000000,neutral,0.00000000,0.00000000,0.00000000,positive,0.05882353,0.11764706
"i need coder asap","Jonathan Duaz","1","0","2022-07-24T17:57:14Z","Ugw0aUywswh7Uo_T_g94AaABAg","None","FALSE","-UdWguw90g4", 3.00000000,-0.33333333, 0.33333333, 0.00000000, 0.00000000, 0.00000000, 0.00000000, 0.00000000, 0.00000000, 0.00000000, 0.00000000, 0.00000000, 0.00000000, 0.00000000, 3,negative,0.33333333,0.00000000,neutral,0.00000000,0.00000000,neutral,0.00000000,0.00000000,0.00000000,neutral,0.00000000,0.00000000
"it was cool ! haha","William Mbollo Mbassy","2","0","2022-07-22T12:39:10Z","Ugw7N14QcvPWTIhMO8Z4AaABAg","None","FALSE","-UdWguw90g4", 2.00000000,-0.50000000, 0.50000000, 0.00000000, 0.00000000, 0.00000000, 0.00000000, 0.00000000, 0.00000000, 0.00000000, 0.00000000, 0.50000000, 0.00000000, 0.50000000, 2,negative,0.50000000,0.00000000,neutral,0.00000000,0.00000000,neutral,0.00000000,0.00000000,0.00000000,positive,0.00000000,0.50000000
"interactive broker also allows your trade stocks for cents, so 1 cent = 1 share. other platforms like robinhood or webull should also be commission free.","EZprogramming","1","0","2022-07-17T07:24:43Z","UgyTazeRyqLI3s8kIdF4AaABAg","None","FALSE","-UdWguw90g4",16.00000000, 0.31250000, 0.00000000, 0.31250000, 0.00000000, 0.00000000, 0.00000000, 0.00000000, 0.00000000, 0.00000000, 0.00000000, 0.12500000, 0.00000000, 0.12500000,16,positive,0.00000000,0.31250000,neutral,0.00000000,0.00000000,neutral,0.00000000,0.00000000,0.00000000,positive,0.00000000,0.12500000
"you okay man?","smokey烟","3","0","2022-07-14T01:52:58Z","UgyrGe3sWeIvSq3OzW54AaABAg","None","FALSE","-UdWguw90g4", 2.00000000, 0.50000000, 0.00000000, 0.50000000, 0.00000000, 0.00000000, 0.00000000, 0.00000000, 0.00000000, 0.00000000, 0.00000000, 0.00000000, 0.00000000, 0.00000000, 2,positive,0.00000000,0.50000000,neutral,0.00000000,0.00000000,neutral,0.00000000,0.00000000,0.00000000,neutral,0.00000000,0.00000000
"jooma, when are we getting the update video on this investment","Bilal Ahmad","2","0","2022-07-13T22:20:51Z","UgzszRqaKK5nJEiHhux4AaABAg","None","FALSE","-UdWguw90g4", 5.00000000,-0.20000000, 0.20000000, 0.00000000, 0.00000000, 0.00000000, 0.00000000, 0.00000000, 0.00000000, 0.00000000, 0.00000000, 0.00000000, 0.00000000, 0.00000000, 5,negative,0.20000000,0.00000000,neutral,0.00000000,0.00000000,neutral,0.00000000,0.00000000,0.00000000,neutral,0.00000000,0.00000000
"one of the best videos i've watched from being 6 years on this platform","Adam Jones","2","0","2022-07-12T19:54:26Z","UgzSKdjnJ7mzxx1AQmV4AaABAg","None","FALSE","-UdWguw90g4", 7.00000000, 0.14285714, 0.00000000, 0.14285714, 0.14285714, 0.00000000, 0.14285714, 0.14285714, 0.00000000, 0.14285714, 0.00000000, 0.14285714, 0.00000000, 0.14285714, 7,positive,0.00000000,0.14285714,positive,0.00000000,0.14285714,positive,0.00000000,0.14285714,0.00000000,positive,0.00000000,0.14285714
"dude... i really enjoy your sarcasm... finally somebody gets me bahaha. so good","Jorge Bustamante","2","0","2022-07-12T04:22:08Z","UgyqtMKHVfiodTXmDSV4AaABAg","None","FALSE","-UdWguw90g4", 9.00000000, 0.00000000, 0.22222222, 0.22222222, 0.22222222, 0.00000000, 0.22222222, 0.22222222, 0.00000000, 0.22222222, 0.00000000, 0.11111111, 0.11111111, 0.22222222, 9,neutral,0.22222222,0.22222222,positive,0.00000000,0.22222222,positive,0.00000000,0.22222222,0.00000000,positive,0.11111111,0.22222222
"joma is lonely","the quest","2","0","2022-07-11T05:19:12Z","UgwgHl52enLeeopmyyZ4AaABAg","None","FALSE","-UdWguw90g4", 2.00000000,-0.50000000, 0.50000000, 0.00000000, 0.00000000, 0.00000000, 0.00000000, 0.00000000, 0.00000000, 0.00000000, 0.00000000,-0.50000000, 0.50000000, 0.00000000, 2,negative,0.50000000,0.00000000,neutral,0.00000000,0.00000000,neutral,0.00000000,0.00000000,0.00000000,negative,0.50000000,0.00000000
"is no one gonna talk about about how joma literally *cried while testing*","R.O.F.L","2","0","2022-07-11T03:48:28Z","UgxAnaTYAa-fgFf22iV4AaABAg","None","FALSE","-UdWguw90g4", 7.00000000, 0.00000000, 0.00000000, 0.00000000, 0.00000000, 0.00000000, 0.00000000, 0.00000000, 0.00000000, 0.00000000, 0.00000000,-0.14285714, 0.14285714, 0.00000000, 7,neutral,0.00000000,0.00000000,neutral,0.00000000,0.00000000,neutral,0.00000000,0.00000000,0.00000000,negative,0.14285714,0.00000000
"try to make an inverse bot, when your subscribers buy, let the bot sell, and vice versa. the main thing is that subscribers do not know","Данис","2","0","2022-07-09T13:27:02Z","UgzQolAXcEnAl-Z2uHp4AaABAg","None","FALSE","-UdWguw90g4",15.00000000, 0.13333333, 0.26666667, 0.40000000, 0.00000000, 0.00000000, 0.00000000,-0.06666667, 0.06666667, 0.00000000, 0.00000000,-0.06666667, 0.06666667, 0.00000000,15,positive,0.26666667,0.40000000,neutral,0.00000000,0.00000000,negative,0.06666667,0.00000000,0.00000000,negative,0.06666667,0.00000000
"despite the huge drop in crypto and fx, still make good withdrawals. i don't believe that profit making is not possible despite the drop in stocks when you got good mentorship","josh Farria","36","111","2022-07-07T21:38:27Z","UgzHiNY3x8d5CPcxLnR4AaABAg","None","FALSE","-UdWguw90g4",19.00000000, 0.05263158, 0.21052632, 0.26315789, 0.00000000, 0.10526316, 0.10526316, 0.15789474, 0.10526316, 0.26315789, 0.10526316, 0.15789474, 0.00000000, 0.15789474,19,positive,0.21052632,0.26315789,neutral,0.10526316,0.10526316,positive,0.10526316,0.26315789,0.10526316,positive,0.00000000,0.15789474
"sometimes i really wondered how people make this huge profits investing on the stock market online, i agreed with you investing and earning is a legitimate way to gain financial freedom, but how is it done?","Daniel Curtis","74","132","2022-07-07T05:38:17Z","UgzEilwsuieOLKjH4Bp4AaABAg","None","FALSE","-UdWguw90g4",20.00000000, 0.25000000, 0.05000000, 0.30000000, 0.00000000, 0.00000000, 0.00000000, 0.10000000, 0.00000000, 0.10000000, 0.05000000, 0.15000000, 0.00000000, 0.15000000,20,positive,0.05000000,0.30000000,neutral,0.00000000,0.00000000,positive,0.00000000,0.10000000,0.05000000,positive,0.00000000,0.15000000
"is your script public for this?","Ghost Blaze","1","0","2022-07-07T04:13:15Z","Ugw18yXMDPw1_n7PQv14AaABAg","None","FALSE","-UdWguw90g4", 2.00000000, 0.00000000, 0.00000000, 0.00000000, 0.00000000, 0.00000000, 0.00000000, 0.00000000, 0.00000000, 0.00000000, 0.00000000, 0.00000000, 0.00000000, 0.00000000, 2,neutral,0.00000000,0.00000000,neutral,0.00000000,0.00000000,neutral,0.00000000,0.00000000,0.00000000,neutral,0.00000000,0.00000000
"where's the update? it's been over a year.","Adrian","2","1","2022-07-05T05:45:13Z","Ugx0elSPMpkdKy-xPUp4AaABAg","None","FALSE","-UdWguw90g4", 3.00000000, 0.00000000, 0.00000000, 0.00000000, 0.00000000, 0.00000000, 0.00000000, 0.00000000, 0.00000000, 0.00000000, 0.00000000, 0.00000000, 0.00000000, 0.00000000, 3,neutral,0.00000000,0.00000000,neutral,0.00000000,0.00000000,neutral,0.00000000,0.00000000,0.00000000,neutral,0.00000000,0.00000000
"free weekly crypto signals bitcoin sell from $19,900 take profit at $19,000 or sell on saturday july 9th at 12am ethereum sell from $1,130 take profit at $1,050 or sell on saturday july 9th at 12am lite coin sell from $51.60 take profit at $49.25 or saturday july 9th at 12am xrp/usd sell from .3250 take profit at .3140 or on saturday july 9th at 12am ___________________","Anonymous Jones","2","0","2022-07-05T02:45:55Z","UgzppYsO0OJxqjIRMu94AaABAg","None","FALSE","-UdWguw90g4",31.00000000, 0.16129032, 0.00000000, 0.16129032, 0.00000000, 0.00000000, 0.00000000, 0.12903226, 0.00000000, 0.12903226, 0.00000000, 0.03225806, 0.00000000, 0.03225806,31,positive,0.00000000,0.16129032,neutral,0.00000000,0.00000000,positive,0.00000000,0.12903226,0.00000000,positive,0.00000000,0.03225806
"it's a year already joma!","AJ","2","0","2022-07-03T14:30:06Z","Ugxd0hMmTY0qTMJg48N4AaABAg","None","FALSE","-UdWguw90g4", 3.00000000, 0.00000000, 0.00000000, 0.00000000, 0.00000000, 0.00000000, 0.00000000, 0.00000000, 0.00000000, 0.00000000, 0.00000000, 0.00000000, 0.00000000, 0.00000000, 3,neutral,0.00000000,0.00000000,neutral,0.00000000,0.00000000,neutral,0.00000000,0.00000000,0.00000000,neutral,0.00000000,0.00000000
"its been a year, how the portfolio doing in recession haha.","Ryuzaki","2","1","2022-07-01T20:07:21Z","Ugyh7pr1sZWtX6-zaxh4AaABAg","None","FALSE","-UdWguw90g4", 4.00000000,-0.25000000, 0.25000000, 0.00000000, 0.00000000, 0.00000000, 0.00000000,-0.25000000, 0.25000000, 0.00000000, 0.00000000,-0.25000000, 0.25000000, 0.00000000, 4,negative,0.25000000,0.00000000,neutral,0.00000000,0.00000000,negative,0.25000000,0.00000000,0.00000000,negative,0.25000000,0.00000000
"mr hawkins gary is the best,recommending him to all beginners who wants to recover losses like i did","Qarin Sahil","24","33","2022-06-30T15:45:28Z","Ugycb29icPEZMlv_qKl4AaABAg","None","FALSE","-UdWguw90g4", 8.00000000, 0.00000000, 0.12500000, 0.12500000, 0.00000000, 0.00000000, 0.00000000,-0.12500000, 0.12500000, 0.00000000, 0.00000000, 0.12500000, 0.12500000, 0.25000000, 8,neutral,0.12500000,0.12500000,neutral,0.00000000,0.00000000,negative,0.12500000,0.00000000,0.00000000,positive,0.12500000,0.25000000
"so my question is... what keyboard are you using!? that was the most satisfying keyboard sound! (seriously).","Joe Mazzotti","1","0","2022-06-29T18:49:11Z","UgwOAi01dmNwlHIVfah4AaABAg","None","FALSE","-UdWguw90g4", 7.00000000, 0.42857143, 0.14285714, 0.57142857, 0.00000000, 0.00000000, 0.00000000,-0.14285714, 0.28571429, 0.14285714, 0.00000000, 0.14285714, 0.28571429, 0.42857143, 7,positive,0.14285714,0.57142857,neutral,0.00000000,0.00000000,negative,0.28571429,0.14285714,0.00000000,positive,0.28571429,0.42857143
"rip his portfolio","Haven","1","0","2022-06-28T22:22:18Z","Ugxpf4NDr5l2sqt2APx4AaABAg","None","FALSE","-UdWguw90g4", 2.00000000,-0.50000000, 0.50000000, 0.00000000, 0.00000000, 0.00000000, 0.00000000, 0.00000000, 0.00000000, 0.00000000, 0.00000000,-0.50000000, 0.50000000, 0.00000000, 2,negative,0.50000000,0.00000000,neutral,0.00000000,0.00000000,neutral,0.00000000,0.00000000,0.00000000,negative,0.50000000,0.00000000
"ohhhh boy, were you wrong","Liubomyr Pankevich","2","0","2022-06-26T06:53:51Z","UgyooD3UMxHRHbpRGOt4AaABAg","None","FALSE","-UdWguw90g4", 3.00000000,-0.33333333, 0.33333333, 0.00000000, 0.00000000, 0.00000000, 0.00000000,-0.33333333, 0.33333333, 0.00000000, 0.00000000,-0.33333333, 0.33333333, 0.00000000, 3,negative,0.33333333,0.00000000,neutral,0.00000000,0.00000000,negative,0.33333333,0.00000000,0.00000000,negative,0.33333333,0.00000000
"ogrefilled","Sri Nithya Parashara Nanda","2","0","2022-06-25T20:32:44Z","UgxEGSJMcY2X5dizr154AaABAg","None","FALSE","-UdWguw90g4", 1.00000000, 0.00000000, 0.00000000, 0.00000000, 0.00000000, 0.00000000, 0.00000000, 0.00000000, 0.00000000, 0.00000000, 0.00000000, 0.00000000, 0.00000000, 0.00000000, 1,neutral,0.00000000,0.00000000,neutral,0.00000000,0.00000000,neutral,0.00000000,0.00000000,0.00000000,neutral,0.00000000,0.00000000
"damnn","Ian J.","2","0","2022-06-23T02:00:42Z","UgziYX4A5rrn28SKxsl4AaABAg","None","FALSE","-UdWguw90g4", 1.00000000, 0.00000000, 0.00000000, 0.00000000, 0.00000000, 0.00000000, 0.00000000, 0.00000000, 0.00000000, 0.00000000, 0.00000000, 0.00000000, 0.00000000, 0.00000000, 1,neutral,0.00000000,0.00000000,neutral,0.00000000,0.00000000,neutral,0.00000000,0.00000000,0.00000000,neutral,0.00000000,0.00000000
"new title: ddosing interactivebrokers api","Lion The Dev","1","0","2022-06-21T20:46:05Z","UgxYuouPyeRw2r3KrnJ4AaABAg","None","FALSE","-UdWguw90g4", 5.00000000, 0.00000000, 0.00000000, 0.00000000, 0.00000000, 0.00000000, 0.00000000, 0.00000000, 0.00000000, 0.00000000, 0.00000000, 0.00000000, 0.00000000, 0.00000000, 5,neutral,0.00000000,0.00000000,neutral,0.00000000,0.00000000,neutral,0.00000000,0.00000000,0.00000000,neutral,0.00000000,0.00000000
"""1st try""","Ronald Mulligan","2","0","2022-06-21T08:06:14Z","UgycNYeOtzqq0S4JQpt4AaABAg","None","FALSE","-UdWguw90g4", 1.00000000,-1.00000000, 1.00000000, 0.00000000, 0.00000000, 0.00000000, 0.00000000, 0.00000000, 0.00000000, 0.00000000, 0.00000000, 0.00000000, 0.00000000, 0.00000000, 1,negative,1.00000000,0.00000000,neutral,0.00000000,0.00000000,neutral,0.00000000,0.00000000,0.00000000,neutral,0.00000000,0.00000000
"https skeptical /youtu.be/mkzeyrw1dos","Rounak puri","1","0","2022-06-21T07:54:47Z","UgzDuw4pq6hKkaczLyN4AaABAg","None","FALSE","-UdWguw90g4", 3.00000000,-0.33333333, 0.33333333, 0.00000000, 0.00000000, 0.00000000, 0.00000000, 0.00000000, 0.00000000, 0.00000000, 0.00000000,-0.33333333, 0.33333333, 0.00000000, 3,negative,0.33333333,0.00000000,neutral,0.00000000,0.00000000,neutral,0.00000000,0.00000000,0.00000000,negative,0.33333333,0.00000000
"it's really fun","蔡志翔","2","0","2022-06-20T09:52:55Z","Ugyj9lCzWE118p3unuB4AaABAg","None","FALSE","-UdWguw90g4", 2.00000000, 0.00000000, 0.50000000, 0.50000000, 0.00000000, 0.00000000, 0.00000000, 0.00000000, 0.00000000, 0.00000000, 0.00000000, 0.50000000, 0.00000000, 0.50000000, 2,neutral,0.50000000,0.50000000,neutral,0.00000000,0.00000000,neutral,0.00000000,0.00000000,0.00000000,positive,0.00000000,0.50000000
"wait where is the 1 year update frown ?","RahulXtreme Gaming","2","1","2022-06-20T08:29:04Z","Ugxwiq8GXz04Z8pxdz94AaABAg","None","FALSE","-UdWguw90g4", 4.00000000,-0.50000000, 0.50000000, 0.00000000, 0.00000000, 0.00000000, 0.00000000, 0.00000000, 0.00000000, 0.00000000, 0.00000000,-0.25000000, 0.25000000, 0.00000000, 4,negative,0.50000000,0.00000000,neutral,0.00000000,0.00000000,neutral,0.00000000,0.00000000,0.00000000,negative,0.25000000,0.00000000
"this is an interesting insight, i appreciate the opportunity to get such knowledge on how to make money. most times people don't know where to start when it comes to investment but great investors can provide proper guidance","Brandi k Hodges","87","195","2022-06-19T19:45:02Z","UgzhZw__crjpqOMQWzB4AaABAg","None","FALSE","-UdWguw90g4",21.00000000, 0.42857143, 0.09523810, 0.52380952, 0.04761905, 0.00000000, 0.04761905, 0.09523810, 0.04761905, 0.14285714, 0.00000000, 0.47619048, 0.00000000, 0.47619048,21,positive,0.09523810,0.52380952,positive,0.00000000,0.04761905,positive,0.04761905,0.14285714,0.00000000,positive,0.00000000,0.47619048
"any follow up?","khaled mohammad","1","0","2022-06-18T15:10:56Z","UgxUEhHvWkSzE8wJBsJ4AaABAg","None","FALSE","-UdWguw90g4", 1.00000000, 0.00000000, 0.00000000, 0.00000000, 0.00000000, 0.00000000, 0.00000000, 0.00000000, 0.00000000, 0.00000000, 0.00000000, 0.00000000, 0.00000000, 0.00000000, 1,neutral,0.00000000,0.00000000,neutral,0.00000000,0.00000000,neutral,0.00000000,0.00000000,0.00000000,neutral,0.00000000,0.00000000
"so it's been a year, is there an update?","Peter Parker","2","0","2022-06-18T03:49:28Z","UgzoDWjY4yIxUcxms094AaABAg","None","FALSE","-UdWguw90g4", 2.00000000, 0.00000000, 0.00000000, 0.00000000, 0.00000000, 0.00000000, 0.00000000, 0.00000000, 0.00000000, 0.00000000, 0.00000000, 0.00000000, 0.00000000, 0.00000000, 2,neutral,0.00000000,0.00000000,neutral,0.00000000,0.00000000,neutral,0.00000000,0.00000000,0.00000000,neutral,0.00000000,0.00000000
"hi man, this is my first comment ever on youtube. i am in a management position in a investment company who's trying to become a dev in my early 30s. your channel is the only programming channel i enjoy watching.","Zinan Zheng","2","0","2022-06-18T01:31:24Z","UgwocMWy3hVWI1Rk_5t4AaABAg","None","FALSE","-UdWguw90g4",19.00000000, 0.21052632, 0.05263158, 0.26315789, 0.10526316, 0.00000000, 0.10526316, 0.10526316, 0.00000000, 0.10526316, 0.00000000, 0.15789474, 0.00000000, 0.15789474,19,positive,0.05263158,0.26315789,positive,0.00000000,0.10526316,positive,0.00000000,0.10526316,0.00000000,positive,0.00000000,0.15789474
"the way after he wrote that he wants his mother to accept him, the bathroom door is open to show his sad life but ily him and i will adopt him. so hello son smiley ","Ori441","2","0","2022-06-17T16:01:24Z","UgyrFjCXiFh3WEXmhiZ4AaABAg","None","FALSE","-UdWguw90g4",17.00000000, 0.05882353, 0.11764706, 0.17647059, 0.00000000, 0.00000000, 0.00000000,-0.05882353, 0.05882353, 0.00000000, 0.00000000, 0.05882353, 0.05882353, 0.11764706,17,positive,0.11764706,0.17647059,neutral,0.00000000,0.00000000,negative,0.05882353,0.00000000,0.00000000,positive,0.05882353,0.11764706
"can we please know what keyboard are you using laughing ?","Erik Chi","2","0","2022-06-16T21:38:53Z","Ugy847wlauOEkI9dV4d4AaABAg","None","FALSE","-UdWguw90g4", 6.00000000, 0.50000000, 0.16666667, 0.66666667, 0.16666667, 0.00000000, 0.16666667, 0.00000000, 0.16666667, 0.16666667, 0.00000000, 0.33333333, 0.00000000, 0.33333333, 6,positive,0.16666667,0.66666667,positive,0.00000000,0.16666667,neutral,0.16666667,0.16666667,0.00000000,positive,0.00000000,0.33333333
"lol","AbuTomTom","2","0","2022-06-16T14:25:37Z","UgxE_qYaVBGfBsqEpth4AaABAg","None","FALSE","-UdWguw90g4", 1.00000000, 0.00000000, 0.00000000, 0.00000000, 0.00000000, 0.00000000, 0.00000000, 0.00000000, 0.00000000, 0.00000000, 0.00000000, 0.00000000, 0.00000000, 0.00000000, 1,neutral,0.00000000,0.00000000,neutral,0.00000000,0.00000000,neutral,0.00000000,0.00000000,0.00000000,neutral,0.00000000,0.00000000
"the regular lending rates on ftx are quite good compared to most banks, but they fluctuate by the hour (and also intra-hour, but you're generally not paid for that). meanwhile staking as a set yearly amount that seldom changes, but then you have to find a good entry and bare the risk that entails.","Walter Jones","31","28","2022-06-15T05:10:22Z","UgzY8boImutpGXvGn1J4AaABAg","None","FALSE","-UdWguw90g4",28.00000000, 0.03571429, 0.03571429, 0.07142857, 0.03571429, 0.03571429, 0.07142857, 0.03571429, 0.03571429, 0.07142857, 0.10714286, 0.03571429, 0.03571429, 0.07142857,28,positive,0.03571429,0.07142857,positive,0.03571429,0.07142857,positive,0.03571429,0.07142857,0.10714286,positive,0.03571429,0.07142857
"omg this guy is a genius comedian. im crying!!!","Hamza Cokic","2","0","2022-06-13T17:44:36Z","UgxAIwY2rMqTpIjLU_J4AaABAg","None","FALSE","-UdWguw90g4", 5.00000000, 0.20000000, 0.00000000, 0.20000000, 0.00000000, 0.00000000, 0.00000000, 0.00000000, 0.00000000, 0.00000000, 0.00000000, 0.00000000, 0.20000000, 0.20000000, 5,positive,0.00000000,0.20000000,neutral,0.00000000,0.00000000,neutral,0.00000000,0.00000000,0.00000000,neutral,0.20000000,0.20000000
"how did you get the chart you were creating to show on twitch? is source code anywhere?","Dolo Destinations","1","1","2022-06-08T15:59:14Z","UgzAIUfdu-bdljE4EGF4AaABAg","None","FALSE","-UdWguw90g4", 8.00000000,-0.25000000, 0.37500000, 0.12500000, 0.00000000, 0.00000000, 0.00000000, 0.00000000, 0.00000000, 0.00000000, 0.00000000, 0.00000000, 0.00000000, 0.00000000, 8,negative,0.37500000,0.12500000,neutral,0.00000000,0.00000000,neutral,0.00000000,0.00000000,0.00000000,neutral,0.00000000,0.00000000
